id;name;start;jhi_end
1;4th Account;2023-02-15T04:07:18;2023-02-15T13:45:48
2;turquoise Steel;2023-02-15T05:12:44;2023-02-15T10:28:10
3;models;2023-02-15T00:50:32;2023-02-15T13:09:20
4;compress;2023-02-15T04:53:57;2023-02-14T17:05:02
5;override Jewelery Soft;2023-02-14T15:44:16;2023-02-15T12:01:00
6;Wooden;2023-02-14T23:50:40;2023-02-15T06:28:55
7;Somali parallelism;2023-02-15T09:56:21;2023-02-14T19:05:27
8;Bedfordshire 24 Tobago;2023-02-14T19:08:58;2023-02-15T08:49:12
9;Berkshire Movies mesh;2023-02-15T01:51:14;2023-02-15T01:54:12
10;Montana;2023-02-14T20:05:35;2023-02-15T04:28:10
